Name,Sub,Special,Special_Points,Class,Weapon_Img,Sub_Img,Special_Img,Class_Img
Sploosh-o-matic,Curling Bomb,Ultra Stamp,180,Shooter,https://cdn.wikimg.net/en/splatoonwiki/images/thumb/5/59/S3_Weapon_Main_Sploosh-o-matic.png/256px-S3_Weapon_Main_Sploosh-o-matic.png,https://cdn.wikimg.net/en/splatoonwiki/images/1/11/S3_Weapon_Sub_Curling_Bomb_Flat.png,https://cdn.wikimg.net/en/splatoonwiki/images/thumb/7/70/S3_Weapon_Special_Ultra_Stamp.png/120px-S3_Weapon_Special_Ultra_Stamp.png,https://cdn.wikimg.net/en/splatoonwiki/images/thumb/c/c8/S3_Icon_Shooter.png/120px-S3_Icon_Shooter.png
Neo Sploosh-o-matic,Squid Beakon,Killer Wail 5.1,170,Shooter,https://cdn.wikimg.net/en/splatoonwiki/images/thumb/c/c3/S3_Weapon_Main_Neo_Sploosh-o-matic.png/256px-S3_Weapon_Main_Neo_Sploosh-o-matic.png,https://cdn.wikimg.net/en/splatoonwiki/images/f/f1/S3_Weapon_Sub_Squid_Beakon_Flat.png,https://cdn.wikimg.net/en/splatoonwiki/images/thumb/1/1a/S3_Weapon_Special_Killer_Wail_5.1.png/120px-S3_Weapon_Special_Killer_Wail_5.1.png,https://cdn.wikimg.net/en/splatoonwiki/images/thumb/c/c8/S3_Icon_Shooter.png/120px-S3_Icon_Shooter.png
Splattershot Jr.,Splat Bomb,Big Bubbler,180,Shooter,https://cdn.wikimg.net/en/splatoonwiki/images/thumb/1/1e/S3_Weapon_Main_Splattershot_Jr..png/256px-S3_Weapon_Main_Splattershot_Jr..png,https://cdn.wikimg.net/en/splatoonwiki/images/8/81/S3_Weapon_Sub_Splat_Bomb_Flat.png,https://cdn.wikimg.net/en/splatoonwiki/images/thumb/e/ef/S3_Weapon_Special_Big_Bubbler.png/120px-S3_Weapon_Special_Big_Bubbler.png,https://cdn.wikimg.net/en/splatoonwiki/images/thumb/c/c8/S3_Icon_Shooter.png/120px-S3_Icon_Shooter.png
Custom Splattershot Jr.,Torpedo,Wave Breaker,190,Shooter,https://cdn.wikimg.net/en/splatoonwiki/images/thumb/d/df/S3_Weapon_Main_Custom_Splattershot_Jr..png/256px-S3_Weapon_Main_Custom_Splattershot_Jr..png,https://cdn.wikimg.net/en/splatoonwiki/images/0/06/S3_Weapon_Sub_Torpedo_Flat.png,https://cdn.wikimg.net/en/splatoonwiki/images/thumb/6/67/S3_Weapon_Special_Wave_Breaker.png/120px-S3_Weapon_Special_Wave_Breaker.png,https://cdn.wikimg.net/en/splatoonwiki/images/thumb/c/c8/S3_Icon_Shooter.png/120px-S3_Icon_Shooter.png
Splash-o-matic,Burst Bomb,Crab Tank,200,Shooter,https://cdn.wikimg.net/en/splatoonwiki/images/thumb/7/7b/S3_Weapon_Main_Splash-o-matic.png/256px-S3_Weapon_Main_Splash-o-matic.png,https://cdn.wikimg.net/en/splatoonwiki/images/3/3a/S3_Weapon_Sub_Burst_Bomb_Flat.png,https://cdn.wikimg.net/en/splatoonwiki/images/thumb/8/88/S3_Weapon_Special_Crab_Tank.png/120px-S3_Weapon_Special_Crab_Tank.png,https://cdn.wikimg.net/en/splatoonwiki/images/thumb/c/c8/S3_Icon_Shooter.png/120px-S3_Icon_Shooter.png
Neo Splash-o-matic,Suction Bomb,Triple Inkstrike,200,Shooter,https://cdn.wikimg.net/en/splatoonwiki/images/thumb/b/b8/S3_Weapon_Main_Neo_Splash-o-matic.png/256px-S3_Weapon_Main_Neo_Splash-o-matic.png,https://cdn.wikimg.net/en/splatoonwiki/images/f/f2/S3_Weapon_Sub_Suction_Bomb_Flat.png,https://cdn.wikimg.net/en/splatoonwiki/images/thumb/3/3a/S3_Weapon_Special_Triple_Inkstrike.png/120px-S3_Weapon_Special_Triple_Inkstrike.png,https://cdn.wikimg.net/en/splatoonwiki/images/thumb/c/c8/S3_Icon_Shooter.png/120px-S3_Icon_Shooter.png
Aerospray MG,Fizzy Bomb,Reefslider,180,Shooter,https://cdn.wikimg.net/en/splatoonwiki/images/thumb/c/c5/S3_Weapon_Main_Aerospray_MG.png/256px-S3_Weapon_Main_Aerospray_MG.png,https://cdn.wikimg.net/en/splatoonwiki/images/c/c4/S3_Weapon_Sub_Fizzy_Bomb_Flat.png,https://cdn.wikimg.net/en/splatoonwiki/images/thumb/1/10/S3_Weapon_Special_Reefslider.png/120px-S3_Weapon_Special_Reefslider.png,https://cdn.wikimg.net/en/splatoonwiki/images/thumb/c/c8/S3_Icon_Shooter.png/120px-S3_Icon_Shooter.png
Aerospray RG,Sprinkler,Booyah Bomb,190,Shooter,https://cdn.wikimg.net/en/splatoonwiki/images/thumb/2/2b/S3_Weapon_Main_Aerospray_RG.png/256px-S3_Weapon_Main_Aerospray_RG.png,https://cdn.wikimg.net/en/splatoonwiki/images/d/de/S3_Weapon_Sub_Sprinkler_Flat.png,https://cdn.wikimg.net/en/splatoonwiki/images/thumb/0/00/S3_Weapon_Special_Booyah_Bomb.png/120px-S3_Weapon_Special_Booyah_Bomb.png,https://cdn.wikimg.net/en/splatoonwiki/images/thumb/c/c8/S3_Icon_Shooter.png/120px-S3_Icon_Shooter.png
Splattershot,Suction Bomb,Trizooka,210,Shooter,https://cdn.wikimg.net/en/splatoonwiki/images/thumb/b/bf/S3_Weapon_Main_Splattershot.png/256px-S3_Weapon_Main_Splattershot.png,https://cdn.wikimg.net/en/splatoonwiki/images/f/f2/S3_Weapon_Sub_Suction_Bomb_Flat.png,https://cdn.wikimg.net/en/splatoonwiki/images/thumb/9/93/S3_Weapon_Special_Trizooka.png/120px-S3_Weapon_Special_Trizooka.png,https://cdn.wikimg.net/en/splatoonwiki/images/thumb/c/c8/S3_Icon_Shooter.png/120px-S3_Icon_Shooter.png
Tentatek Splattershot,Splat Bomb,Triple Inkstrike,190,Shooter,https://cdn.wikimg.net/en/splatoonwiki/images/thumb/f/f1/S3_Weapon_Main_Tentatek_Splattershot.png/256px-S3_Weapon_Main_Tentatek_Splattershot.png,https://cdn.wikimg.net/en/splatoonwiki/images/8/81/S3_Weapon_Sub_Splat_Bomb_Flat.png,https://cdn.wikimg.net/en/splatoonwiki/images/thumb/3/3a/S3_Weapon_Special_Triple_Inkstrike.png/120px-S3_Weapon_Special_Triple_Inkstrike.png,https://cdn.wikimg.net/en/splatoonwiki/images/thumb/c/c8/S3_Icon_Shooter.png/120px-S3_Icon_Shooter.png
.52 Gal,Splash Wall,Killer Wail 5.1,200,Shooter,https://cdn.wikimg.net/en/splatoonwiki/images/thumb/e/ed/S3_Weapon_Main_.52_Gal.png/256px-S3_Weapon_Main_.52_Gal.png,https://cdn.wikimg.net/en/splatoonwiki/images/e/e8/S3_Weapon_Sub_Splash_Wall_Flat.png,https://cdn.wikimg.net/en/splatoonwiki/images/thumb/1/1a/S3_Weapon_Special_Killer_Wail_5.1.png/120px-S3_Weapon_Special_Killer_Wail_5.1.png,https://cdn.wikimg.net/en/splatoonwiki/images/thumb/c/c8/S3_Icon_Shooter.png/120px-S3_Icon_Shooter.png
.52 Gal Deco,Curling Bomb,Splattercolor Screen,190,Shooter,https://cdn.wikimg.net/en/splatoonwiki/images/thumb/2/26/S3_Weapon_Main_.52_Gal_Deco.png/256px-S3_Weapon_Main_.52_Gal_Deco.png,https://cdn.wikimg.net/en/splatoonwiki/images/1/11/S3_Weapon_Sub_Curling_Bomb_Flat.png,https://cdn.wikimg.net/en/splatoonwiki/images/thumb/5/5c/S3_Weapon_Special_Splattercolor_Screen.png/120px-S3_Weapon_Special_Splattercolor_Screen.png,https://cdn.wikimg.net/en/splatoonwiki/images/thumb/c/c8/S3_Icon_Shooter.png/120px-S3_Icon_Shooter.png
N-ZAP '85,Suction Bomb,Tacticooler,200,Shooter,https://cdn.wikimg.net/en/splatoonwiki/images/thumb/f/f6/S3_Weapon_Main_N-ZAP_%2785.png/256px-S3_Weapon_Main_N-ZAP_%2785.png,https://cdn.wikimg.net/en/splatoonwiki/images/f/f2/S3_Weapon_Sub_Suction_Bomb_Flat.png,https://cdn.wikimg.net/en/splatoonwiki/images/thumb/c/c0/S3_Weapon_Special_Tacticooler.png/120px-S3_Weapon_Special_Tacticooler.png,https://cdn.wikimg.net/en/splatoonwiki/images/thumb/c/c8/S3_Icon_Shooter.png/120px-S3_Icon_Shooter.png
N-ZAP '89,Autobomb,Super Chump,170,Shooter,https://cdn.wikimg.net/en/splatoonwiki/images/thumb/9/98/S3_Weapon_Main_N-ZAP_%2789.png/256px-S3_Weapon_Main_N-ZAP_%2789.png,https://cdn.wikimg.net/en/splatoonwiki/images/6/6d/S3_Weapon_Sub_Autobomb_Flat.png,https://cdn.wikimg.net/en/splatoonwiki/images/thumb/8/8c/S3_Weapon_Special_Super_Chump.png/120px-S3_Weapon_Special_Super_Chump.png,https://cdn.wikimg.net/en/splatoonwiki/images/thumb/c/c8/S3_Icon_Shooter.png/120px-S3_Icon_Shooter.png
Splattershot Pro,Angle Shooter,Crab Tank,180,Shooter,https://cdn.wikimg.net/en/splatoonwiki/images/thumb/7/77/S3_Weapon_Main_Splattershot_Pro.png/256px-S3_Weapon_Main_Splattershot_Pro.png,https://cdn.wikimg.net/en/splatoonwiki/images/3/3a/S3_Weapon_Sub_Angle_Shooter_Flat.png,https://cdn.wikimg.net/en/splatoonwiki/images/thumb/8/88/S3_Weapon_Special_Crab_Tank.png/120px-S3_Weapon_Special_Crab_Tank.png,https://cdn.wikimg.net/en/splatoonwiki/images/thumb/c/c8/S3_Icon_Shooter.png/120px-S3_Icon_Shooter.png
Forge Splattershot Pro,Suction Bomb,Booyah Bomb,200,Shooter,https://cdn.wikimg.net/en/splatoonwiki/images/thumb/d/d8/S3_Weapon_Main_Forge_Splattershot_Pro.png/256px-S3_Weapon_Main_Forge_Splattershot_Pro.png,https://cdn.wikimg.net/en/splatoonwiki/images/f/f2/S3_Weapon_Sub_Suction_Bomb_Flat.png,https://cdn.wikimg.net/en/splatoonwiki/images/thumb/0/00/S3_Weapon_Special_Booyah_Bomb.png/120px-S3_Weapon_Special_Booyah_Bomb.png,https://cdn.wikimg.net/en/splatoonwiki/images/thumb/c/c8/S3_Icon_Shooter.png/120px-S3_Icon_Shooter.png
.96 Gal,Sprinkler,Ink Vac,190,Shooter,https://cdn.wikimg.net/en/splatoonwiki/images/thumb/5/55/S3_Weapon_Main_.96_Gal.png/256px-S3_Weapon_Main_.96_Gal.png,https://cdn.wikimg.net/en/splatoonwiki/images/d/de/S3_Weapon_Sub_Sprinkler_Flat.png,https://cdn.wikimg.net/en/splatoonwiki/images/thumb/c/cf/S3_Weapon_Special_Ink_Vac.png/120px-S3_Weapon_Special_Ink_Vac.png,https://cdn.wikimg.net/en/splatoonwiki/images/thumb/c/c8/S3_Icon_Shooter.png/120px-S3_Icon_Shooter.png
.96 Gal Deco,Splash Wall,Kraken Royale,210,Shooter,https://cdn.wikimg.net/en/splatoonwiki/images/thumb/8/8b/S3_Weapon_Main_.96_Gal_Deco.png/256px-S3_Weapon_Main_.96_Gal_Deco.png,https://cdn.wikimg.net/en/splatoonwiki/images/e/e8/S3_Weapon_Sub_Splash_Wall_Flat.png,https://cdn.wikimg.net/en/splatoonwiki/images/thumb/c/c1/S3_Weapon_Special_Kraken_Royale.png/120px-S3_Weapon_Special_Kraken_Royale.png,https://cdn.wikimg.net/en/splatoonwiki/images/thumb/c/c8/S3_Icon_Shooter.png/120px-S3_Icon_Shooter.png
Jet Squelcher,Angle Shooter,Ink Vac,180,Shooter,https://cdn.wikimg.net/en/splatoonwiki/images/thumb/6/69/S3_Weapon_Main_Jet_Squelcher.png/256px-S3_Weapon_Main_Jet_Squelcher.png,https://cdn.wikimg.net/en/splatoonwiki/images/3/3a/S3_Weapon_Sub_Angle_Shooter_Flat.png,https://cdn.wikimg.net/en/splatoonwiki/images/thumb/c/cf/S3_Weapon_Special_Ink_Vac.png/120px-S3_Weapon_Special_Ink_Vac.png,https://cdn.wikimg.net/en/splatoonwiki/images/thumb/c/c8/S3_Icon_Shooter.png/120px-S3_Icon_Shooter.png
Custom Jet Squelcher,Toxic Mist,Ink Storm,180,Shooter,https://cdn.wikimg.net/en/splatoonwiki/images/thumb/e/ed/S3_Weapon_Main_Custom_Jet_Squelcher.png/256px-S3_Weapon_Main_Custom_Jet_Squelcher.png,https://cdn.wikimg.net/en/splatoonwiki/images/6/6f/S3_Weapon_Sub_Toxic_Mist_Flat.png,https://cdn.wikimg.net/en/splatoonwiki/images/thumb/6/69/S3_Weapon_Special_Ink_Storm.png/120px-S3_Weapon_Special_Ink_Storm.png,https://cdn.wikimg.net/en/splatoonwiki/images/thumb/c/c8/S3_Icon_Shooter.png/120px-S3_Icon_Shooter.png
Splattershot Nova,Point Sensor,Killer Wail 5.1,190,Shooter,https://cdn.wikimg.net/en/splatoonwiki/images/thumb/1/10/S3_Weapon_Main_Splattershot_Nova.png/256px-S3_Weapon_Main_Splattershot_Nova.png,https://cdn.wikimg.net/en/splatoonwiki/images/d/dd/S3_Weapon_Sub_Point_Sensor_Flat.png,https://cdn.wikimg.net/en/splatoonwiki/images/thumb/1/1a/S3_Weapon_Special_Killer_Wail_5.1.png/120px-S3_Weapon_Special_Killer_Wail_5.1.png,https://cdn.wikimg.net/en/splatoonwiki/images/thumb/c/c8/S3_Icon_Shooter.png/120px-S3_Icon_Shooter.png
Annaki Splattershot Nova,Ink Mine,Inkjet,210,Shooter,https://cdn.wikimg.net/en/splatoonwiki/images/thumb/c/c5/S3_Weapon_Main_Annaki_Splattershot_Nova.png/256px-S3_Weapon_Main_Annaki_Splattershot_Nova.png,https://cdn.wikimg.net/en/splatoonwiki/images/9/90/S3_Weapon_Sub_Ink_Mine_Flat.png,https://cdn.wikimg.net/en/splatoonwiki/images/thumb/8/80/S3_Weapon_Special_Inkjet.png/120px-S3_Weapon_Special_Inkjet.png,https://cdn.wikimg.net/en/splatoonwiki/images/thumb/c/c8/S3_Icon_Shooter.png/120px-S3_Icon_Shooter.png
Luna Blaster,Splat Bomb,Zipcaster,170,Blaster,https://cdn.wikimg.net/en/splatoonwiki/images/thumb/5/59/S3_Weapon_Main_Luna_Blaster.png/256px-S3_Weapon_Main_Luna_Blaster.png,https://cdn.wikimg.net/en/splatoonwiki/images/8/81/S3_Weapon_Sub_Splat_Bomb_Flat.png,https://cdn.wikimg.net/en/splatoonwiki/images/thumb/9/96/S3_Weapon_Special_Zipcaster.png/120px-S3_Weapon_Special_Zipcaster.png,https://cdn.wikimg.net/en/splatoonwiki/images/thumb/5/5b/S3_Icon_Blaster.png/120px-S3_Icon_Blaster.png
Luna Blaster Neo,Fizzy Bomb,Ultra Stamp,180,Blaster,https://cdn.wikimg.net/en/splatoonwiki/images/thumb/1/11/S3_Weapon_Main_Luna_Blaster_Neo.png/256px-S3_Weapon_Main_Luna_Blaster_Neo.png,https://cdn.wikimg.net/en/splatoonwiki/images/c/c4/S3_Weapon_Sub_Fizzy_Bomb_Flat.png,https://cdn.wikimg.net/en/splatoonwiki/images/thumb/7/70/S3_Weapon_Special_Ultra_Stamp.png/120px-S3_Weapon_Special_Ultra_Stamp.png,https://cdn.wikimg.net/en/splatoonwiki/images/thumb/5/5b/S3_Icon_Blaster.png/120px-S3_Icon_Blaster.png
Blaster,Autobomb,Big Bubbler,180,Blaster,https://cdn.wikimg.net/en/splatoonwiki/images/thumb/a/a7/S3_Weapon_Main_Blaster.png/256px-S3_Weapon_Main_Blaster.png,https://cdn.wikimg.net/en/splatoonwiki/images/6/6d/S3_Weapon_Sub_Autobomb_Flat.png,https://cdn.wikimg.net/en/splatoonwiki/images/thumb/e/ef/S3_Weapon_Special_Big_Bubbler.png/120px-S3_Weapon_Special_Big_Bubbler.png,https://cdn.wikimg.net/en/splatoonwiki/images/thumb/5/5b/S3_Icon_Blaster.png/120px-S3_Icon_Blaster.png
Custom Blaster,Point Sensor,Triple Splashdown,180,Blaster,https://cdn.wikimg.net/en/splatoonwiki/images/thumb/4/44/S3_Weapon_Main_Custom_Blaster.png/256px-S3_Weapon_Main_Custom_Blaster.png,https://cdn.wikimg.net/en/splatoonwiki/images/d/dd/S3_Weapon_Sub_Point_Sensor_Flat.png,https://cdn.wikimg.net/en/splatoonwiki/images/thumb/b/b3/S3_Weapon_Special_Triple_Splashdown.png/120px-S3_Weapon_Special_Triple_Splashdown.png,https://cdn.wikimg.net/en/splatoonwiki/images/thumb/5/5b/S3_Icon_Blaster.png/120px-S3_Icon_Blaster.png
Range Blaster,Suction Bomb,Wave Breaker,210,Blaster,https://cdn.wikimg.net/en/splatoonwiki/images/thumb/1/1d/S3_Weapon_Main_Range_Blaster.png/256px-S3_Weapon_Main_Range_Blaster.png,https://cdn.wikimg.net/en/splatoonwiki/images/f/f2/S3_Weapon_Sub_Suction_Bomb_Flat.png,https://cdn.wikimg.net/en/splatoonwiki/images/thumb/6/67/S3_Weapon_Special_Wave_Breaker.png/120px-S3_Weapon_Special_Wave_Breaker.png,https://cdn.wikimg.net/en/splatoonwiki/images/thumb/5/5b/S3_Icon_Blaster.png/120px-S3_Icon_Blaster.png
Custom Range Blaster,Splat Bomb,Kraken Royale,210,Blaster,https://cdn.wikimg.net/en/splatoonwiki/images/thumb/c/ce/S3_Weapon_Main_Custom_Range_Blaster.png/256px-S3_Weapon_Main_Custom_Range_Blaster.png,https://cdn.wikimg.net/en/splatoonwiki/images/8/81/S3_Weapon_Sub_Splat_Bomb_Flat.png,https://cdn.wikimg.net/en/splatoonwiki/images/thumb/c/c1/S3_Weapon_Special_Kraken_Royale.png/120px-S3_Weapon_Special_Kraken_Royale.png,https://cdn.wikimg.net/en/splatoonwiki/images/thumb/5/5b/S3_Icon_Blaster.png/120px-S3_Icon_Blaster.png
Clash Blaster,Splat Bomb,Trizooka,180,Blaster,https://cdn.wikimg.net/en/splatoonwiki/images/thumb/2/2f/S3_Weapon_Main_Clash_Blaster.png/256px-S3_Weapon_Main_Clash_Blaster.png,https://cdn.wikimg.net/en/splatoonwiki/images/8/81/S3_Weapon_Sub_Splat_Bomb_Flat.png,https://cdn.wikimg.net/en/splatoonwiki/images/thumb/9/93/S3_Weapon_Special_Trizooka.png/120px-S3_Weapon_Special_Trizooka.png,https://cdn.wikimg.net/en/splatoonwiki/images/thumb/5/5b/S3_Icon_Blaster.png/120px-S3_Icon_Blaster.png
Clash Blaster Neo,Curling Bomb,Super Chump,170,Blaster,https://cdn.wikimg.net/en/splatoonwiki/images/thumb/1/10/S3_Weapon_Main_Clash_Blaster_Neo.png/256px-S3_Weapon_Main_Clash_Blaster_Neo.png,https://cdn.wikimg.net/en/splatoonwiki/images/1/11/S3_Weapon_Sub_Curling_Bomb_Flat.png,https://cdn.wikimg.net/en/splatoonwiki/images/thumb/8/8c/S3_Weapon_Special_Super_Chump.png/120px-S3_Weapon_Special_Super_Chump.png,https://cdn.wikimg.net/en/splatoonwiki/images/thumb/5/5b/S3_Icon_Blaster.png/120px-S3_Icon_Blaster.png
Rapid Blaster,Ink Mine,Triple Inkstrike,190,Blaster,https://cdn.wikimg.net/en/splatoonwiki/images/thumb/6/6a/S3_Weapon_Main_Rapid_Blaster.png/256px-S3_Weapon_Main_Rapid_Blaster.png,https://cdn.wikimg.net/en/splatoonwiki/images/9/90/S3_Weapon_Sub_Ink_Mine_Flat.png,https://cdn.wikimg.net/en/splatoonwiki/images/thumb/3/3a/S3_Weapon_Special_Triple_Inkstrike.png/120px-S3_Weapon_Special_Triple_Inkstrike.png,https://cdn.wikimg.net/en/splatoonwiki/images/thumb/5/5b/S3_Icon_Blaster.png/120px-S3_Icon_Blaster.png
Rapid Blaster Deco,Torpedo,Inkjet,210,Blaster,https://cdn.wikimg.net/en/splatoonwiki/images/thumb/c/cb/S3_Weapon_Main_Rapid_Blaster_Deco.png/256px-S3_Weapon_Main_Rapid_Blaster_Deco.png,https://cdn.wikimg.net/en/splatoonwiki/images/0/06/S3_Weapon_Sub_Torpedo_Flat.png,https://cdn.wikimg.net/en/splatoonwiki/images/thumb/8/80/S3_Weapon_Special_Inkjet.png/120px-S3_Weapon_Special_Inkjet.png,https://cdn.wikimg.net/en/splatoonwiki/images/thumb/5/5b/S3_Icon_Blaster.png/120px-S3_Icon_Blaster.png
Rapid Blaster Pro,Toxic Mist,Ink Vac,180,Blaster,https://cdn.wikimg.net/en/splatoonwiki/images/thumb/c/c6/S3_Weapon_Main_Rapid_Blaster_Pro.png/256px-S3_Weapon_Main_Rapid_Blaster_Pro.png,https://cdn.wikimg.net/en/splatoonwiki/images/6/6f/S3_Weapon_Sub_Toxic_Mist_Flat.png,https://cdn.wikimg.net/en/splatoonwiki/images/thumb/c/cf/S3_Weapon_Special_Ink_Vac.png/120px-S3_Weapon_Special_Ink_Vac.png,https://cdn.wikimg.net/en/splatoonwiki/images/thumb/5/5b/S3_Icon_Blaster.png/120px-S3_Icon_Blaster.png
Rapid Blaster Pro Deco,Angle Shooter,Killer Wail 5.1,190,Blaster,https://cdn.wikimg.net/en/splatoonwiki/images/thumb/e/e4/S3_Weapon_Main_Rapid_Blaster_Pro_Deco.png/256px-S3_Weapon_Main_Rapid_Blaster_Pro_Deco.png,https://cdn.wikimg.net/en/splatoonwiki/images/3/3a/S3_Weapon_Sub_Angle_Shooter_Flat.png,https://cdn.wikimg.net/en/splatoonwiki/images/thumb/1/1a/S3_Weapon_Special_Killer_Wail_5.1.png/120px-S3_Weapon_Special_Killer_Wail_5.1.png,https://cdn.wikimg.net/en/splatoonwiki/images/thumb/5/5b/S3_Icon_Blaster.png/120px-S3_Icon_Blaster.png
S-BLAST '92,Sprinkler,Reefslider,180,Blaster,https://cdn.wikimg.net/en/splatoonwiki/images/thumb/2/2d/S3_Weapon_Main_S-BLAST_%2792.png/256px-S3_Weapon_Main_S-BLAST_%2792.png,https://cdn.wikimg.net/en/splatoonwiki/images/d/de/S3_Weapon_Sub_Sprinkler_Flat.png,https://cdn.wikimg.net/en/splatoonwiki/images/thumb/1/10/S3_Weapon_Special_Reefslider.png/120px-S3_Weapon_Special_Reefslider.png,https://cdn.wikimg.net/en/splatoonwiki/images/thumb/5/5b/S3_Icon_Blaster.png/120px-S3_Icon_Blaster.png
S-BLAST '91,Burst Bomb,Booyah Bomb,200,Blaster,https://cdn.wikimg.net/en/splatoonwiki/images/thumb/2/2f/S3_Weapon_Main_S-BLAST_%2791.png/256px-S3_Weapon_Main_S-BLAST_%2791.png,https://cdn.wikimg.net/en/splatoonwiki/images/3/3a/S3_Weapon_Sub_Burst_Bomb_Flat.png,https://cdn.wikimg.net/en/splatoonwiki/images/thumb/0/00/S3_Weapon_Special_Booyah_Bomb.png/120px-S3_Weapon_Special_Booyah_Bomb.png,https://cdn.wikimg.net/en/splatoonwiki/images/thumb/5/5b/S3_Icon_Blaster.png/120px-S3_Icon_Blaster.png
L-3 Nozzlenose,Curling Bomb,Crab Tank,190,Shooter,https://cdn.wikimg.net/en/splatoonwiki/images/thumb/2/2c/S3_Weapon_Main_L-3_Nozzlenose.png/256px-S3_Weapon_Main_L-3_Nozzlenose.png,https://cdn.wikimg.net/en/splatoonwiki/images/1/11/S3_Weapon_Sub_Curling_Bomb_Flat.png,https://cdn.wikimg.net/en/splatoonwiki/images/thumb/8/88/S3_Weapon_Special_Crab_Tank.png/120px-S3_Weapon_Special_Crab_Tank.png,https://cdn.wikimg.net/en/splatoonwiki/images/thumb/c/c8/S3_Icon_Shooter.png/120px-S3_Icon_Shooter.png
L-3 Nozzlenose D,Burst Bomb,Ultra Stamp,200,Shooter,https://cdn.wikimg.net/en/splatoonwiki/images/thumb/f/ff/S3_Weapon_Main_L-3_Nozzlenose_D.png/256px-S3_Weapon_Main_L-3_Nozzlenose_D.png,https://cdn.wikimg.net/en/splatoonwiki/images/3/3a/S3_Weapon_Sub_Burst_Bomb_Flat.png,https://cdn.wikimg.net/en/splatoonwiki/images/thumb/7/70/S3_Weapon_Special_Ultra_Stamp.png/120px-S3_Weapon_Special_Ultra_Stamp.png,https://cdn.wikimg.net/en/splatoonwiki/images/thumb/c/c8/S3_Icon_Shooter.png/120px-S3_Icon_Shooter.png
H-3 Nozzlenose,Point Sensor,Tacticooler,190,Shooter,https://cdn.wikimg.net/en/splatoonwiki/images/thumb/5/5a/S3_Weapon_Main_H-3_Nozzlenose.png/256px-S3_Weapon_Main_H-3_Nozzlenose.png,https://cdn.wikimg.net/en/splatoonwiki/images/d/dd/S3_Weapon_Sub_Point_Sensor_Flat.png,https://cdn.wikimg.net/en/splatoonwiki/images/thumb/c/c0/S3_Weapon_Special_Tacticooler.png/120px-S3_Weapon_Special_Tacticooler.png,https://cdn.wikimg.net/en/splatoonwiki/images/thumb/c/c8/S3_Icon_Shooter.png/120px-S3_Icon_Shooter.png
H-3 Nozzlenose D,Splash Wall,Big Bubbler,200,Shooter,https://cdn.wikimg.net/en/splatoonwiki/images/thumb/3/31/S3_Weapon_Main_H-3_Nozzlenose_D.png/256px-S3_Weapon_Main_H-3_Nozzlenose_D.png,https://cdn.wikimg.net/en/splatoonwiki/images/e/e8/S3_Weapon_Sub_Splash_Wall_Flat.png,https://cdn.wikimg.net/en/splatoonwiki/images/thumb/e/ef/S3_Weapon_Special_Big_Bubbler.png/120px-S3_Weapon_Special_Big_Bubbler.png,https://cdn.wikimg.net/en/splatoonwiki/images/thumb/c/c8/S3_Icon_Shooter.png/120px-S3_Icon_Shooter.png
Squeezer,Splash Wall,Trizooka,220,Shooter,https://cdn.wikimg.net/en/splatoonwiki/images/thumb/c/cb/S3_Weapon_Main_Squeezer.png/256px-S3_Weapon_Main_Squeezer.png,https://cdn.wikimg.net/en/splatoonwiki/images/e/e8/S3_Weapon_Sub_Splash_Wall_Flat.png,https://cdn.wikimg.net/en/splatoonwiki/images/thumb/9/93/S3_Weapon_Special_Trizooka.png/120px-S3_Weapon_Special_Trizooka.png,https://cdn.wikimg.net/en/splatoonwiki/images/thumb/c/c8/S3_Icon_Shooter.png/120px-S3_Icon_Shooter.png
Foil Squeezer,Autobomb,Splattercolor Screen,190,Shooter,https://cdn.wikimg.net/en/splatoonwiki/images/thumb/4/49/S3_Weapon_Main_Foil_Squeezer.png/256px-S3_Weapon_Main_Foil_Squeezer.png,https://cdn.wikimg.net/en/splatoonwiki/images/6/6d/S3_Weapon_Sub_Autobomb_Flat.png,https://cdn.wikimg.net/en/splatoonwiki/images/thumb/5/5c/S3_Weapon_Special_Splattercolor_Screen.png/120px-S3_Weapon_Special_Splattercolor_Screen.png,https://cdn.wikimg.net/en/splatoonwiki/images/thumb/c/c8/S3_Icon_Shooter.png/120px-S3_Icon_Shooter.png
Carbon Roller,Autobomb,Zipcaster,160,Roller,https://cdn.wikimg.net/en/splatoonwiki/images/thumb/2/21/S3_Weapon_Main_Carbon_Roller.png/256px-S3_Weapon_Main_Carbon_Roller.png,https://cdn.wikimg.net/en/splatoonwiki/images/6/6d/S3_Weapon_Sub_Autobomb_Flat.png,https://cdn.wikimg.net/en/splatoonwiki/images/thumb/9/96/S3_Weapon_Special_Zipcaster.png/120px-S3_Weapon_Special_Zipcaster.png,https://cdn.wikimg.net/en/splatoonwiki/images/thumb/f/fb/S3_Icon_Roller.png/120px-S3_Icon_Roller.png
Carbon Roller Deco,Burst Bomb,Trizooka,190,Roller,https://cdn.wikimg.net/en/splatoonwiki/images/thumb/7/72/S3_Weapon_Main_Carbon_Roller_Deco.png/256px-S3_Weapon_Main_Carbon_Roller_Deco.png,https://cdn.wikimg.net/en/splatoonwiki/images/3/3a/S3_Weapon_Sub_Burst_Bomb_Flat.png,https://cdn.wikimg.net/en/splatoonwiki/images/thumb/9/93/S3_Weapon_Special_Trizooka.png/120px-S3_Weapon_Special_Trizooka.png,https://cdn.wikimg.net/en/splatoonwiki/images/thumb/f/fb/S3_Icon_Roller.png/120px-S3_Icon_Roller.png
Splat Roller,Curling Bomb,Big Bubbler,180,Roller,https://cdn.wikimg.net/en/splatoonwiki/images/thumb/c/c7/S3_Weapon_Main_Splat_Roller.png/256px-S3_Weapon_Main_Splat_Roller.png,https://cdn.wikimg.net/en/splatoonwiki/images/1/11/S3_Weapon_Sub_Curling_Bomb_Flat.png,https://cdn.wikimg.net/en/splatoonwiki/images/thumb/e/ef/S3_Weapon_Special_Big_Bubbler.png/120px-S3_Weapon_Special_Big_Bubbler.png,https://cdn.wikimg.net/en/splatoonwiki/images/thumb/f/fb/S3_Icon_Roller.png/120px-S3_Icon_Roller.png
Krak-On Splat Roller,Squid Beakon,Kraken Royale,180,Roller,https://cdn.wikimg.net/en/splatoonwiki/images/thumb/6/60/S3_Weapon_Main_Krak-On_Splat_Roller.png/256px-S3_Weapon_Main_Krak-On_Splat_Roller.png,https://cdn.wikimg.net/en/splatoonwiki/images/f/f1/S3_Weapon_Sub_Squid_Beakon_Flat.png,https://cdn.wikimg.net/en/splatoonwiki/images/thumb/c/c1/S3_Weapon_Special_Kraken_Royale.png/120px-S3_Weapon_Special_Kraken_Royale.png,https://cdn.wikimg.net/en/splatoonwiki/images/thumb/f/fb/S3_Icon_Roller.png/120px-S3_Icon_Roller.png
Dynamo Roller,Sprinkler,Tacticooler,190,Roller,https://cdn.wikimg.net/en/splatoonwiki/images/thumb/5/5e/S3_Weapon_Main_Dynamo_Roller.png/256px-S3_Weapon_Main_Dynamo_Roller.png,https://cdn.wikimg.net/en/splatoonwiki/images/d/de/S3_Weapon_Sub_Sprinkler_Flat.png,https://cdn.wikimg.net/en/splatoonwiki/images/thumb/c/c0/S3_Weapon_Special_Tacticooler.png/120px-S3_Weapon_Special_Tacticooler.png,https://cdn.wikimg.net/en/splatoonwiki/images/thumb/f/fb/S3_Icon_Roller.png/120px-S3_Icon_Roller.png
Gold Dynamo Roller,Splat Bomb,Super Chump,180,Roller,https://cdn.wikimg.net/en/splatoonwiki/images/thumb/f/f8/S3_Weapon_Main_Gold_Dynamo_Roller.png/256px-S3_Weapon_Main_Gold_Dynamo_Roller.png,https://cdn.wikimg.net/en/splatoonwiki/images/8/81/S3_Weapon_Sub_Splat_Bomb_Flat.png,https://cdn.wikimg.net/en/splatoonwiki/images/thumb/8/8c/S3_Weapon_Special_Super_Chump.png/120px-S3_Weapon_Special_Super_Chump.png,https://cdn.wikimg.net/en/splatoonwiki/images/thumb/f/fb/S3_Icon_Roller.png/120px-S3_Icon_Roller.png
Flingza Roller,Ink Mine,Tenta Missiles,210,Roller,https://cdn.wikimg.net/en/splatoonwiki/images/thumb/d/d2/S3_Weapon_Main_Flingza_Roller.png/256px-S3_Weapon_Main_Flingza_Roller.png,https://cdn.wikimg.net/en/splatoonwiki/images/9/90/S3_Weapon_Sub_Ink_Mine_Flat.png,https://cdn.wikimg.net/en/splatoonwiki/images/thumb/3/3b/S3_Weapon_Special_Tenta_Missiles.png/120px-S3_Weapon_Special_Tenta_Missiles.png,https://cdn.wikimg.net/en/splatoonwiki/images/thumb/f/fb/S3_Icon_Roller.png/120px-S3_Icon_Roller.png
Foil Flingza Roller,Suction Bomb,Splattercolor Screen,200,Roller,https://cdn.wikimg.net/en/splatoonwiki/images/thumb/8/8c/S3_Weapon_Main_Foil_Flingza_Roller.png/256px-S3_Weapon_Main_Foil_Flingza_Roller.png,https://cdn.wikimg.net/en/splatoonwiki/images/f/f2/S3_Weapon_Sub_Suction_Bomb_Flat.png,https://cdn.wikimg.net/en/splatoonwiki/images/thumb/5/5c/S3_Weapon_Special_Splattercolor_Screen.png/120px-S3_Weapon_Special_Splattercolor_Screen.png,https://cdn.wikimg.net/en/splatoonwiki/images/thumb/f/fb/S3_Icon_Roller.png/120px-S3_Icon_Roller.png
Big Swig Roller,Splash Wall,Ink Vac,190,Roller,https://cdn.wikimg.net/en/splatoonwiki/images/thumb/8/8e/S3_Weapon_Main_Big_Swig_Roller.png/256px-S3_Weapon_Main_Big_Swig_Roller.png,https://cdn.wikimg.net/en/splatoonwiki/images/e/e8/S3_Weapon_Sub_Splash_Wall_Flat.png,https://cdn.wikimg.net/en/splatoonwiki/images/thumb/c/cf/S3_Weapon_Special_Ink_Vac.png/120px-S3_Weapon_Special_Ink_Vac.png,https://cdn.wikimg.net/en/splatoonwiki/images/thumb/f/fb/S3_Icon_Roller.png/120px-S3_Icon_Roller.png
Big Swig Roller Express,Angle Shooter,Ink Storm,190,Roller,https://cdn.wikimg.net/en/splatoonwiki/images/thumb/f/f7/S3_Weapon_Main_Big_Swig_Roller_Express.png/256px-S3_Weapon_Main_Big_Swig_Roller_Express.png,https://cdn.wikimg.net/en/splatoonwiki/images/3/3a/S3_Weapon_Sub_Angle_Shooter_Flat.png,https://cdn.wikimg.net/en/splatoonwiki/images/thumb/6/69/S3_Weapon_Special_Ink_Storm.png/120px-S3_Weapon_Special_Ink_Storm.png,https://cdn.wikimg.net/en/splatoonwiki/images/thumb/f/fb/S3_Icon_Roller.png/120px-S3_Icon_Roller.png
Inkbrush,Splat Bomb,Killer Wail 5.1,180,Brush,https://cdn.wikimg.net/en/splatoonwiki/images/thumb/4/4a/S3_Weapon_Main_Inkbrush.png/256px-S3_Weapon_Main_Inkbrush.png,https://cdn.wikimg.net/en/splatoonwiki/images/8/81/S3_Weapon_Sub_Splat_Bomb_Flat.png,https://cdn.wikimg.net/en/splatoonwiki/images/thumb/1/1a/S3_Weapon_Special_Killer_Wail_5.1.png/120px-S3_Weapon_Special_Killer_Wail_5.1.png,https://cdn.wikimg.net/en/splatoonwiki/images/thumb/7/77/S3_Icon_Brush.png/120px-S3_Icon_Brush.png
Inkbrush Nouveau,Ink Mine,Ultra Stamp,180,Brush,https://cdn.wikimg.net/en/splatoonwiki/images/thumb/2/2e/S3_Weapon_Main_Inkbrush_Nouveau.png/256px-S3_Weapon_Main_Inkbrush_Nouveau.png,https://cdn.wikimg.net/en/splatoonwiki/images/9/90/S3_Weapon_Sub_Ink_Mine_Flat.png,https://cdn.wikimg.net/en/splatoonwiki/images/thumb/7/70/S3_Weapon_Special_Ultra_Stamp.png/120px-S3_Weapon_Special_Ultra_Stamp.png,https://cdn.wikimg.net/en/splatoonwiki/images/thumb/7/77/S3_Icon_Brush.png/120px-S3_Icon_Brush.png
Octobrush,Suction Bomb,Zipcaster,190,Brush,https://cdn.wikimg.net/en/splatoonwiki/images/thumb/3/3d/S3_Weapon_Main_Octobrush.png/256px-S3_Weapon_Main_Octobrush.png,https://cdn.wikimg.net/en/splatoonwiki/images/f/f2/S3_Weapon_Sub_Suction_Bomb_Flat.png,https://cdn.wikimg.net/en/splatoonwiki/images/thumb/9/96/S3_Weapon_Special_Zipcaster.png/120px-S3_Weapon_Special_Zipcaster.png,https://cdn.wikimg.net/en/splatoonwiki/images/thumb/7/77/S3_Icon_Brush.png/120px-S3_Icon_Brush.png
Octobrush Nouveau,Squid Beakon,Ink Storm,180,Brush,https://cdn.wikimg.net/en/splatoonwiki/images/thumb/4/45/S3_Weapon_Main_Octobrush_Nouveau.png/256px-S3_Weapon_Main_Octobrush_Nouveau.png,https://cdn.wikimg.net/en/splatoonwiki/images/f/f1/S3_Weapon_Sub_Squid_Beakon_Flat.png,https://cdn.wikimg.net/en/splatoonwiki/images/thumb/6/69/S3_Weapon_Special_Ink_Storm.png/120px-S3_Weapon_Special_Ink_Storm.png,https://cdn.wikimg.net/en/splatoonwiki/images/thumb/7/77/S3_Icon_Brush.png/120px-S3_Icon_Brush.png
Painbrush,Curling Bomb,Wave Breaker,190,Brush,https://cdn.wikimg.net/en/splatoonwiki/images/thumb/7/79/S3_Weapon_Main_Painbrush.png/256px-S3_Weapon_Main_Painbrush.png,https://cdn.wikimg.net/en/splatoonwiki/images/1/11/S3_Weapon_Sub_Curling_Bomb_Flat.png,https://cdn.wikimg.net/en/splatoonwiki/images/thumb/6/67/S3_Weapon_Special_Wave_Breaker.png/120px-S3_Weapon_Special_Wave_Breaker.png,https://cdn.wikimg.net/en/splatoonwiki/images/thumb/7/77/S3_Icon_Brush.png/120px-S3_Icon_Brush.png
Painbrush Nouveau,Point Sensor,Tenta Missiles,190,Brush,https://cdn.wikimg.net/en/splatoonwiki/images/thumb/0/09/S3_Weapon_Main_Painbrush_Nouveau.png/256px-S3_Weapon_Main_Painbrush_Nouveau.png,https://cdn.wikimg.net/en/splatoonwiki/images/d/dd/S3_Weapon_Sub_Point_Sensor_Flat.png,https://cdn.wikimg.net/en/splatoonwiki/images/thumb/3/3b/S3_Weapon_Special_Tenta_Missiles.png/120px-S3_Weapon_Special_Tenta_Missiles.png,https://cdn.wikimg.net/en/splatoonwiki/images/thumb/7/77/S3_Icon_Brush.png/120px-S3_Icon_Brush.png
Classic Squiffer,Point Sensor,Big Bubbler,190,Charger,https://cdn.wikimg.net/en/splatoonwiki/images/thumb/3/3c/S3_Weapon_Main_Classic_Squiffer.png/256px-S3_Weapon_Main_Classic_Squiffer.png,https://cdn.wikimg.net/en/splatoonwiki/images/d/dd/S3_Weapon_Sub_Point_Sensor_Flat.png,https://cdn.wikimg.net/en/splatoonwiki/images/thumb/e/ef/S3_Weapon_Special_Big_Bubbler.png/120px-S3_Weapon_Special_Big_Bubbler.png,https://cdn.wikimg.net/en/splatoonwiki/images/thumb/a/a0/S3_Icon_Charger.png/120px-S3_Icon_Charger.png
New Squiffer,Autobomb,Zipcaster,200,Charger,https://cdn.wikimg.net/en/splatoonwiki/images/thumb/8/80/S3_Weapon_Main_New_Squiffer.png/256px-S3_Weapon_Main_New_Squiffer.png,https://cdn.wikimg.net/en/splatoonwiki/images/6/6d/S3_Weapon_Sub_Autobomb_Flat.png,https://cdn.wikimg.net/en/splatoonwiki/images/thumb/9/96/S3_Weapon_Special_Zipcaster.png/120px-S3_Weapon_Special_Zipcaster.png,https://cdn.wikimg.net/en/splatoonwiki/images/thumb/a/a0/S3_Icon_Charger.png/120px-S3_Icon_Charger.png
Splat Charger,Splat Bomb,Ink Vac,190,Charger,https://cdn.wikimg.net/en/splatoonwiki/images/thumb/4/41/S3_Weapon_Main_Splat_Charger.png/256px-S3_Weapon_Main_Splat_Charger.png,https://cdn.wikimg.net/en/splatoonwiki/images/8/81/S3_Weapon_Sub_Splat_Bomb_Flat.png,https://cdn.wikimg.net/en/splatoonwiki/images/thumb/c/cf/S3_Weapon_Special_Ink_Vac.png/120px-S3_Weapon_Special_Ink_Vac.png,https://cdn.wikimg.net/en/splatoonwiki/images/thumb/a/a0/S3_Icon_Charger.png/120px-S3_Icon_Charger.png
Z+F Splat Charger,Splash Wall,Triple Inkstrike,210,Charger,https://cdn.wikimg.net/en/splatoonwiki/images/thumb/a/a6/S3_Weapon_Main_Z%2BF_Splat_Charger.png/256px-S3_Weapon_Main_Z%2BF_Splat_Charger.png,https://cdn.wikimg.net/en/splatoonwiki/images/e/e8/S3_Weapon_Sub_Splash_Wall_Flat.png,https://cdn.wikimg.net/en/splatoonwiki/images/thumb/3/3a/S3_Weapon_Special_Triple_Inkstrike.png/120px-S3_Weapon_Special_Triple_Inkstrike.png,https://cdn.wikimg.net/en/splatoonwiki/images/thumb/a/a0/S3_Icon_Charger.png/120px-S3_Icon_Charger.png
Splatterscope,Splat Bomb,Ink Vac,190,Charger,https://cdn.wikimg.net/en/splatoonwiki/images/thumb/b/b2/S3_Weapon_Main_Splatterscope.png/256px-S3_Weapon_Main_Splatterscope.png,https://cdn.wikimg.net/en/splatoonwiki/images/8/81/S3_Weapon_Sub_Splat_Bomb_Flat.png,https://cdn.wikimg.net/en/splatoonwiki/images/thumb/c/cf/S3_Weapon_Special_Ink_Vac.png/120px-S3_Weapon_Special_Ink_Vac.png,https://cdn.wikimg.net/en/splatoonwiki/images/thumb/a/a0/S3_Icon_Charger.png/120px-S3_Icon_Charger.png
Z+F Splatterscope,Splash Wall,Triple Inkstrike,210,Charger,https://cdn.wikimg.net/en/splatoonwiki/images/thumb/8/86/S3_Weapon_Main_Z%2BF_Splatterscope.png/256px-S3_Weapon_Main_Z%2BF_Splatterscope.png,https://cdn.wikimg.net/en/splatoonwiki/images/e/e8/S3_Weapon_Sub_Splash_Wall_Flat.png,https://cdn.wikimg.net/en/splatoonwiki/images/thumb/3/3a/S3_Weapon_Special_Triple_Inkstrike.png/120px-S3_Weapon_Special_Triple_Inkstrike.png,https://cdn.wikimg.net/en/splatoonwiki/images/thumb/a/a0/S3_Icon_Charger.png/120px-S3_Icon_Charger.png
E-liter 4K,Ink Mine,Wave Breaker,210,Charger,https://cdn.wikimg.net/en/splatoonwiki/images/thumb/1/10/S3_Weapon_Main_E-liter_4K.png/256px-S3_Weapon_Main_E-liter_4K.png,https://cdn.wikimg.net/en/splatoonwiki/images/9/90/S3_Weapon_Sub_Ink_Mine_Flat.png,https://cdn.wikimg.net/en/splatoonwiki/images/thumb/6/67/S3_Weapon_Special_Wave_Breaker.png/120px-S3_Weapon_Special_Wave_Breaker.png,https://cdn.wikimg.net/en/splatoonwiki/images/thumb/a/a0/S3_Icon_Charger.png/120px-S3_Icon_Charger.png
Custom E-liter 4K,Squid Beakon,Kraken Royale,210,Charger,https://cdn.wikimg.net/en/splatoonwiki/images/thumb/e/e6/S3_Weapon_Main_Custom_E-liter_4K.png/256px-S3_Weapon_Main_Custom_E-liter_4K.png,https://cdn.wikimg.net/en/splatoonwiki/images/f/f1/S3_Weapon_Sub_Squid_Beakon_Flat.png,https://cdn.wikimg.net/en/splatoonwiki/images/thumb/c/c1/S3_Weapon_Special_Kraken_Royale.png/120px-S3_Weapon_Special_Kraken_Royale.png,https://cdn.wikimg.net/en/splatoonwiki/images/thumb/a/a0/S3_Icon_Charger.png/120px-S3_Icon_Charger.png
E-liter 4K Scope,Ink Mine,Wave Breaker,210,Charger,https://cdn.wikimg.net/en/splatoonwiki/images/thumb/e/eb/S3_Weapon_Main_E-liter_4K_Scope.png/256px-S3_Weapon_Main_E-liter_4K_Scope.png,https://cdn.wikimg.net/en/splatoonwiki/images/9/90/S3_Weapon_Sub_Ink_Mine_Flat.png,https://cdn.wikimg.net/en/splatoonwiki/images/thumb/6/67/S3_Weapon_Special_Wave_Breaker.png/120px-S3_Weapon_Special_Wave_Breaker.png,https://cdn.wikimg.net/en/splatoonwiki/images/thumb/a/a0/S3_Icon_Charger.png/120px-S3_Icon_Charger.png
Custom E-liter 4K Scope,Squid Beakon,Kraken Royale,210,Charger,https://cdn.wikimg.net/en/splatoonwiki/images/thumb/7/7c/S3_Weapon_Main_Custom_E-liter_4K_Scope.png/256px-S3_Weapon_Main_Custom_E-liter_4K_Scope.png,https://cdn.wikimg.net/en/splatoonwiki/images/f/f1/S3_Weapon_Sub_Squid_Beakon_Flat.png,https://cdn.wikimg.net/en/splatoonwiki/images/thumb/c/c1/S3_Weapon_Special_Kraken_Royale.png/120px-S3_Weapon_Special_Kraken_Royale.png,https://cdn.wikimg.net/en/splatoonwiki/images/thumb/a/a0/S3_Icon_Charger.png/120px-S3_Icon_Charger.png
Bamboozler 14 Mk I,Autobomb,Killer Wail 5.1,190,Charger,https://cdn.wikimg.net/en/splatoonwiki/images/thumb/6/6d/S3_Weapon_Main_Bamboozler_14_Mk_I.png/256px-S3_Weapon_Main_Bamboozler_14_Mk_I.png,https://cdn.wikimg.net/en/splatoonwiki/images/6/6d/S3_Weapon_Sub_Autobomb_Flat.png,https://cdn.wikimg.net/en/splatoonwiki/images/thumb/1/1a/S3_Weapon_Special_Killer_Wail_5.1.png/120px-S3_Weapon_Special_Killer_Wail_5.1.png,https://cdn.wikimg.net/en/splatoonwiki/images/thumb/a/a0/S3_Icon_Charger.png/120px-S3_Icon_Charger.png
Bamboozler 14 Mk II,Fizzy Bomb,Super Chump,200,Charger,https://cdn.wikimg.net/en/splatoonwiki/images/thumb/9/9f/S3_Weapon_Main_Bamboozler_14_Mk_II.png/256px-S3_Weapon_Main_Bamboozler_14_Mk_II.png,https://cdn.wikimg.net/en/splatoonwiki/images/c/c4/S3_Weapon_Sub_Fizzy_Bomb_Flat.png,https://cdn.wikimg.net/en/splatoonwiki/images/thumb/8/8c/S3_Weapon_Special_Super_Chump.png/120px-S3_Weapon_Special_Super_Chump.png,https://cdn.wikimg.net/en/splatoonwiki/images/thumb/a/a0/S3_Icon_Charger.png/120px-S3_Icon_Charger.png
Goo Tuber,Torpedo,Tenta Missiles,200,Charger,https://cdn.wikimg.net/en/splatoonwiki/images/thumb/8/8a/S3_Weapon_Main_Goo_Tuber.png/256px-S3_Weapon_Main_Goo_Tuber.png,https://cdn.wikimg.net/en/splatoonwiki/images/0/06/S3_Weapon_Sub_Torpedo_Flat.png,https://cdn.wikimg.net/en/splatoonwiki/images/thumb/3/3b/S3_Weapon_Special_Tenta_Missiles.png/120px-S3_Weapon_Special_Tenta_Missiles.png,https://cdn.wikimg.net/en/splatoonwiki/images/thumb/a/a0/S3_Icon_Charger.png/120px-S3_Icon_Charger.png
Custom Goo Tuber,Fizzy Bomb,Ultra Stamp,200,Charger,https://cdn.wikimg.net/en/splatoonwiki/images/thumb/9/91/S3_Weapon_Main_Custom_Goo_Tuber.png/256px-S3_Weapon_Main_Custom_Goo_Tuber.png,https://cdn.wikimg.net/en/splatoonwiki/images/c/c4/S3_Weapon_Sub_Fizzy_Bomb_Flat.png,https://cdn.wikimg.net/en/splatoonwiki/images/thumb/7/70/S3_Weapon_Special_Ultra_Stamp.png/120px-S3_Weapon_Special_Ultra_Stamp.png,https://cdn.wikimg.net/en/splatoonwiki/images/thumb/a/a0/S3_Icon_Charger.png/120px-S3_Icon_Charger.png
Snipewriter 5H,Sprinkler,Tacticooler,220,Charger,https://cdn.wikimg.net/en/splatoonwiki/images/thumb/3/34/S3_Weapon_Main_Snipewriter_5H.png/256px-S3_Weapon_Main_Snipewriter_5H.png,https://cdn.wikimg.net/en/splatoonwiki/images/d/de/S3_Weapon_Sub_Sprinkler_Flat.png,https://cdn.wikimg.net/en/splatoonwiki/images/thumb/c/c0/S3_Weapon_Special_Tacticooler.png/120px-S3_Weapon_Special_Tacticooler.png,https://cdn.wikimg.net/en/splatoonwiki/images/thumb/a/a0/S3_Icon_Charger.png/120px-S3_Icon_Charger.png
Snipewriter 5B,Splash Wall,Ink Storm,210,Charger,https://cdn.wikimg.net/en/splatoonwiki/images/thumb/0/0a/S3_Weapon_Main_Snipewriter_5B.png/256px-S3_Weapon_Main_Snipewriter_5B.png,https://cdn.wikimg.net/en/splatoonwiki/images/e/e8/S3_Weapon_Sub_Splash_Wall_Flat.png,https://cdn.wikimg.net/en/splatoonwiki/images/thumb/6/69/S3_Weapon_Special_Ink_Storm.png/120px-S3_Weapon_Special_Ink_Storm.png,https://cdn.wikimg.net/en/splatoonwiki/images/thumb/a/a0/S3_Icon_Charger.png/120px-S3_Icon_Charger.png
Slosher,Splat Bomb,Triple Inkstrike,210,Slosher,https://cdn.wikimg.net/en/splatoonwiki/images/thumb/4/42/S3_Weapon_Main_Slosher.png/256px-S3_Weapon_Main_Slosher.png,https://cdn.wikimg.net/en/splatoonwiki/images/8/81/S3_Weapon_Sub_Splat_Bomb_Flat.png,https://cdn.wikimg.net/en/splatoonwiki/images/thumb/3/3a/S3_Weapon_Special_Triple_Inkstrike.png/120px-S3_Weapon_Special_Triple_Inkstrike.png,https://cdn.wikimg.net/en/splatoonwiki/images/thumb/2/2f/S3_Icon_Slosher.png/120px-S3_Icon_Slosher.png
Slosher Deco,Angle Shooter,Zipcaster,180,Slosher,https://cdn.wikimg.net/en/splatoonwiki/images/thumb/a/a5/S3_Weapon_Main_Slosher_Deco.png/256px-S3_Weapon_Main_Slosher_Deco.png,https://cdn.wikimg.net/en/splatoonwiki/images/3/3a/S3_Weapon_Sub_Angle_Shooter_Flat.png,https://cdn.wikimg.net/en/splatoonwiki/images/thumb/9/96/S3_Weapon_Special_Zipcaster.png/120px-S3_Weapon_Special_Zipcaster.png,https://cdn.wikimg.net/en/splatoonwiki/images/thumb/2/2f/S3_Icon_Slosher.png/120px-S3_Icon_Slosher.png
Tri-Slosher,Toxic Mist,Inkjet,180,Slosher,https://cdn.wikimg.net/en/splatoonwiki/images/thumb/d/dc/S3_Weapon_Main_Tri-Slosher.png/256px-S3_Weapon_Main_Tri-Slosher.png,https://cdn.wikimg.net/en/splatoonwiki/images/6/6f/S3_Weapon_Sub_Toxic_Mist_Flat.png,https://cdn.wikimg.net/en/splatoonwiki/images/thumb/8/80/S3_Weapon_Special_Inkjet.png/120px-S3_Weapon_Special_Inkjet.png,https://cdn.wikimg.net/en/splatoonwiki/images/thumb/2/2f/S3_Icon_Slosher.png/120px-S3_Icon_Slosher.png
Tri-Slosher Nouveau,Fizzy Bomb,Tacticooler,210,Slosher,https://cdn.wikimg.net/en/splatoonwiki/images/thumb/7/74/S3_Weapon_Main_Tri-Slosher_Nouveau.png/256px-S3_Weapon_Main_Tri-Slosher_Nouveau.png,https://cdn.wikimg.net/en/splatoonwiki/images/c/c4/S3_Weapon_Sub_Fizzy_Bomb_Flat.png,https://cdn.wikimg.net/en/splatoonwiki/images/thumb/c/c0/S3_Weapon_Special_Tacticooler.png/120px-S3_Weapon_Special_Tacticooler.png,https://cdn.wikimg.net/en/splatoonwiki/images/thumb/2/2f/S3_Icon_Slosher.png/120px-S3_Icon_Slosher.png
Sloshing Machine,Fizzy Bomb,Booyah Bomb,220,Slosher,https://cdn.wikimg.net/en/splatoonwiki/images/thumb/3/38/S3_Weapon_Main_Sloshing_Machine.png/256px-S3_Weapon_Main_Sloshing_Machine.png,https://cdn.wikimg.net/en/splatoonwiki/images/c/c4/S3_Weapon_Sub_Fizzy_Bomb_Flat.png,https://cdn.wikimg.net/en/splatoonwiki/images/thumb/0/00/S3_Weapon_Special_Booyah_Bomb.png/120px-S3_Weapon_Special_Booyah_Bomb.png,https://cdn.wikimg.net/en/splatoonwiki/images/thumb/2/2f/S3_Icon_Slosher.png/120px-S3_Icon_Slosher.png
Sloshing Machine Neo,Point Sensor,Trizooka,190,Slosher,https://cdn.wikimg.net/en/splatoonwiki/images/thumb/d/d5/S3_Weapon_Main_Sloshing_Machine_Neo.png/256px-S3_Weapon_Main_Sloshing_Machine_Neo.png,https://cdn.wikimg.net/en/splatoonwiki/images/d/dd/S3_Weapon_Sub_Point_Sensor_Flat.png,https://cdn.wikimg.net/en/splatoonwiki/images/thumb/9/93/S3_Weapon_Special_Trizooka.png/120px-S3_Weapon_Special_Trizooka.png,https://cdn.wikimg.net/en/splatoonwiki/images/thumb/2/2f/S3_Icon_Slosher.png/120px-S3_Icon_Slosher.png
Bloblobber,Sprinkler,Ink Storm,190,Slosher,https://cdn.wikimg.net/en/splatoonwiki/images/thumb/4/41/S3_Weapon_Main_Bloblobber.png/256px-S3_Weapon_Main_Bloblobber.png,https://cdn.wikimg.net/en/splatoonwiki/images/d/de/S3_Weapon_Sub_Sprinkler_Flat.png,https://cdn.wikimg.net/en/splatoonwiki/images/thumb/6/69/S3_Weapon_Special_Ink_Storm.png/120px-S3_Weapon_Special_Ink_Storm.png,https://cdn.wikimg.net/en/splatoonwiki/images/thumb/2/2f/S3_Icon_Slosher.png/120px-S3_Icon_Slosher.png
Bloblobber Deco,Angle Shooter,Kraken Royale,200,Slosher,https://cdn.wikimg.net/en/splatoonwiki/images/thumb/9/93/S3_Weapon_Main_Bloblobber_Deco.png/256px-S3_Weapon_Main_Bloblobber_Deco.png,https://cdn.wikimg.net/en/splatoonwiki/images/3/3a/S3_Weapon_Sub_Angle_Shooter_Flat.png,https://cdn.wikimg.net/en/splatoonwiki/images/thumb/c/c1/S3_Weapon_Special_Kraken_Royale.png/120px-S3_Weapon_Special_Kraken_Royale.png,https://cdn.wikimg.net/en/splatoonwiki/images/thumb/2/2f/S3_Icon_Slosher.png/120px-S3_Icon_Slosher.png
Explosher,Point Sensor,Ink Storm,200,Slosher,https://cdn.wikimg.net/en/splatoonwiki/images/thumb/d/de/S3_Weapon_Main_Explosher.png/256px-S3_Weapon_Main_Explosher.png,https://cdn.wikimg.net/en/splatoonwiki/images/d/dd/S3_Weapon_Sub_Point_Sensor_Flat.png,https://cdn.wikimg.net/en/splatoonwiki/images/thumb/6/69/S3_Weapon_Special_Ink_Storm.png/120px-S3_Weapon_Special_Ink_Storm.png,https://cdn.wikimg.net/en/splatoonwiki/images/thumb/2/2f/S3_Icon_Slosher.png/120px-S3_Icon_Slosher.png
Custom Explosher,Splash Wall,Triple Splashdown,200,Slosher,https://cdn.wikimg.net/en/splatoonwiki/images/thumb/6/6e/S3_Weapon_Main_Custom_Explosher.png/256px-S3_Weapon_Main_Custom_Explosher.png,https://cdn.wikimg.net/en/splatoonwiki/images/e/e8/S3_Weapon_Sub_Splash_Wall_Flat.png,https://cdn.wikimg.net/en/splatoonwiki/images/thumb/b/b3/S3_Weapon_Special_Triple_Splashdown.png/120px-S3_Weapon_Special_Triple_Splashdown.png,https://cdn.wikimg.net/en/splatoonwiki/images/thumb/2/2f/S3_Icon_Slosher.png/120px-S3_Icon_Slosher.png
Dread Wringer,Suction Bomb,Reefslider,190,Slosher,https://cdn.wikimg.net/en/splatoonwiki/images/thumb/6/6c/S3_Weapon_Main_Dread_Wringer.png/256px-S3_Weapon_Main_Dread_Wringer.png,https://cdn.wikimg.net/en/splatoonwiki/images/f/f2/S3_Weapon_Sub_Suction_Bomb_Flat.png,https://cdn.wikimg.net/en/splatoonwiki/images/thumb/1/10/S3_Weapon_Special_Reefslider.png/120px-S3_Weapon_Special_Reefslider.png,https://cdn.wikimg.net/en/splatoonwiki/images/thumb/2/2f/S3_Icon_Slosher.png/120px-S3_Icon_Slosher.png
Dread Wringer D,Squid Beakon,Wave Breaker,190,Slosher,https://cdn.wikimg.net/en/splatoonwiki/images/thumb/d/d2/S3_Weapon_Main_Dread_Wringer_D.png/256px-S3_Weapon_Main_Dread_Wringer_D.png,https://cdn.wikimg.net/en/splatoonwiki/images/f/f1/S3_Weapon_Sub_Squid_Beakon_Flat.png,https://cdn.wikimg.net/en/splatoonwiki/images/thumb/6/67/S3_Weapon_Special_Wave_Breaker.png/120px-S3_Weapon_Special_Wave_Breaker.png,https://cdn.wikimg.net/en/splatoonwiki/images/thumb/2/2f/S3_Icon_Slosher.png/120px-S3_Icon_Slosher.png
Mini Splatling,Burst Bomb,Ultra Stamp,190,Splatling,https://cdn.wikimg.net/en/splatoonwiki/images/thumb/8/86/S3_Weapon_Main_Mini_Splatling.png/256px-S3_Weapon_Main_Mini_Splatling.png,https://cdn.wikimg.net/en/splatoonwiki/images/3/3a/S3_Weapon_Sub_Burst_Bomb_Flat.png,https://cdn.wikimg.net/en/splatoonwiki/images/thumb/7/70/S3_Weapon_Special_Ultra_Stamp.png/120px-S3_Weapon_Special_Ultra_Stamp.png,https://cdn.wikimg.net/en/splatoonwiki/images/thumb/a/af/S3_Icon_Splatling.png/120px-S3_Icon_Splatling.png
Zink Mini Splatling,Toxic Mist,Big Bubbler,200,Splatling,https://cdn.wikimg.net/en/splatoonwiki/images/thumb/0/05/S3_Weapon_Main_Zink_Mini_Splatling.png/256px-S3_Weapon_Main_Zink_Mini_Splatling.png,https://cdn.wikimg.net/en/splatoonwiki/images/6/6f/S3_Weapon_Sub_Toxic_Mist_Flat.png,https://cdn.wikimg.net/en/splatoonwiki/images/thumb/e/ef/S3_Weapon_Special_Big_Bubbler.png/120px-S3_Weapon_Special_Big_Bubbler.png,https://cdn.wikimg.net/en/splatoonwiki/images/thumb/a/af/S3_Icon_Splatling.png/120px-S3_Icon_Splatling.png
Heavy Splatling,Sprinkler,Wave Breaker,200,Splatling,https://cdn.wikimg.net/en/splatoonwiki/images/thumb/5/5e/S3_Weapon_Main_Heavy_Splatling.png/256px-S3_Weapon_Main_Heavy_Splatling.png,https://cdn.wikimg.net/en/splatoonwiki/images/d/de/S3_Weapon_Sub_Sprinkler_Flat.png,https://cdn.wikimg.net/en/splatoonwiki/images/thumb/6/67/S3_Weapon_Special_Wave_Breaker.png/120px-S3_Weapon_Special_Wave_Breaker.png,https://cdn.wikimg.net/en/splatoonwiki/images/thumb/a/af/S3_Icon_Splatling.png/120px-S3_Icon_Splatling.png
Heavy Splatling Deco,Point Sensor,Kraken Royale,200,Splatling,https://cdn.wikimg.net/en/splatoonwiki/images/thumb/f/fc/S3_Weapon_Main_Heavy_Splatling_Deco.png/256px-S3_Weapon_Main_Heavy_Splatling_Deco.png,https://cdn.wikimg.net/en/splatoonwiki/images/d/dd/S3_Weapon_Sub_Point_Sensor_Flat.png,https://cdn.wikimg.net/en/splatoonwiki/images/thumb/c/c1/S3_Weapon_Special_Kraken_Royale.png/120px-S3_Weapon_Special_Kraken_Royale.png,https://cdn.wikimg.net/en/splatoonwiki/images/thumb/a/af/S3_Icon_Splatling.png/120px-S3_Icon_Splatling.png
Hydra Splatling,Autobomb,Booyah Bomb,190,Splatling,https://cdn.wikimg.net/en/splatoonwiki/images/thumb/d/d1/S3_Weapon_Main_Hydra_Splatling.png/256px-S3_Weapon_Main_Hydra_Splatling.png,https://cdn.wikimg.net/en/splatoonwiki/images/6/6d/S3_Weapon_Sub_Autobomb_Flat.png,https://cdn.wikimg.net/en/splatoonwiki/images/thumb/0/00/S3_Weapon_Special_Booyah_Bomb.png/120px-S3_Weapon_Special_Booyah_Bomb.png,https://cdn.wikimg.net/en/splatoonwiki/images/thumb/a/af/S3_Icon_Splatling.png/120px-S3_Icon_Splatling.png
Custom Hydra Splatling,Ink Mine,Splattercolor Screen,200,Splatling,https://cdn.wikimg.net/en/splatoonwiki/images/thumb/f/f6/S3_Weapon_Main_Custom_Hydra_Splatling.png/256px-S3_Weapon_Main_Custom_Hydra_Splatling.png,https://cdn.wikimg.net/en/splatoonwiki/images/9/90/S3_Weapon_Sub_Ink_Mine_Flat.png,https://cdn.wikimg.net/en/splatoonwiki/images/thumb/5/5c/S3_Weapon_Special_Splattercolor_Screen.png/120px-S3_Weapon_Special_Splattercolor_Screen.png,https://cdn.wikimg.net/en/splatoonwiki/images/thumb/a/af/S3_Icon_Splatling.png/120px-S3_Icon_Splatling.png
Ballpoint Splatling,Fizzy Bomb,Inkjet,210,Splatling,https://cdn.wikimg.net/en/splatoonwiki/images/thumb/f/f9/S3_Weapon_Main_Ballpoint_Splatling.png/256px-S3_Weapon_Main_Ballpoint_Splatling.png,https://cdn.wikimg.net/en/splatoonwiki/images/c/c4/S3_Weapon_Sub_Fizzy_Bomb_Flat.png,https://cdn.wikimg.net/en/splatoonwiki/images/thumb/8/80/S3_Weapon_Special_Inkjet.png/120px-S3_Weapon_Special_Inkjet.png,https://cdn.wikimg.net/en/splatoonwiki/images/thumb/a/af/S3_Icon_Splatling.png/120px-S3_Icon_Splatling.png
Ballpoint Splatling Nouveau,Ink Mine,Ink Vac,200,Splatling,https://cdn.wikimg.net/en/splatoonwiki/images/thumb/b/b1/S3_Weapon_Main_Ballpoint_Splatling_Nouveau.png/256px-S3_Weapon_Main_Ballpoint_Splatling_Nouveau.png,https://cdn.wikimg.net/en/splatoonwiki/images/9/90/S3_Weapon_Sub_Ink_Mine_Flat.png,https://cdn.wikimg.net/en/splatoonwiki/images/thumb/c/cf/S3_Weapon_Special_Ink_Vac.png/120px-S3_Weapon_Special_Ink_Vac.png,https://cdn.wikimg.net/en/splatoonwiki/images/thumb/a/af/S3_Icon_Splatling.png/120px-S3_Icon_Splatling.png
Nautilus 47,Point Sensor,Ink Storm,190,Splatling,https://cdn.wikimg.net/en/splatoonwiki/images/thumb/8/81/S3_Weapon_Main_Nautilus_47.png/256px-S3_Weapon_Main_Nautilus_47.png,https://cdn.wikimg.net/en/splatoonwiki/images/d/dd/S3_Weapon_Sub_Point_Sensor_Flat.png,https://cdn.wikimg.net/en/splatoonwiki/images/thumb/6/69/S3_Weapon_Special_Ink_Storm.png/120px-S3_Weapon_Special_Ink_Storm.png,https://cdn.wikimg.net/en/splatoonwiki/images/thumb/a/af/S3_Icon_Splatling.png/120px-S3_Icon_Splatling.png
Nautilus 79,Suction Bomb,Triple Splashdown,210,Splatling,https://cdn.wikimg.net/en/splatoonwiki/images/thumb/8/81/S3_Weapon_Main_Nautilus_79.png/256px-S3_Weapon_Main_Nautilus_79.png,https://cdn.wikimg.net/en/splatoonwiki/images/f/f2/S3_Weapon_Sub_Suction_Bomb_Flat.png,https://cdn.wikimg.net/en/splatoonwiki/images/thumb/b/b3/S3_Weapon_Special_Triple_Splashdown.png/120px-S3_Weapon_Special_Triple_Splashdown.png,https://cdn.wikimg.net/en/splatoonwiki/images/thumb/a/af/S3_Icon_Splatling.png/120px-S3_Icon_Splatling.png
Heavy Edit Splatling,Curling Bomb,Tacticooler,200,Splatling,https://cdn.wikimg.net/en/splatoonwiki/images/thumb/2/24/S3_Weapon_Main_Heavy_Edit_Splatling.png/256px-S3_Weapon_Main_Heavy_Edit_Splatling.png,https://cdn.wikimg.net/en/splatoonwiki/images/1/11/S3_Weapon_Sub_Curling_Bomb_Flat.png,https://cdn.wikimg.net/en/splatoonwiki/images/thumb/c/c0/S3_Weapon_Special_Tacticooler.png/120px-S3_Weapon_Special_Tacticooler.png,https://cdn.wikimg.net/en/splatoonwiki/images/thumb/a/af/S3_Icon_Splatling.png/120px-S3_Icon_Splatling.png
Heavy Edit Splatling Nouveau,Splat Bomb,Crab Tank,210,Splatling,https://cdn.wikimg.net/en/splatoonwiki/images/thumb/a/aa/S3_Weapon_Main_Heavy_Edit_Splatling_Nouveau.png/256px-S3_Weapon_Main_Heavy_Edit_Splatling_Nouveau.png,https://cdn.wikimg.net/en/splatoonwiki/images/8/81/S3_Weapon_Sub_Splat_Bomb_Flat.png,https://cdn.wikimg.net/en/splatoonwiki/images/thumb/8/88/S3_Weapon_Special_Crab_Tank.png/120px-S3_Weapon_Special_Crab_Tank.png,https://cdn.wikimg.net/en/splatoonwiki/images/thumb/a/af/S3_Icon_Splatling.png/120px-S3_Icon_Splatling.png
Dapple Dualies,Squid Beakon,Tacticooler,170,Dualie,https://cdn.wikimg.net/en/splatoonwiki/images/thumb/5/54/S3_Weapon_Main_Dapple_Dualies.png/256px-S3_Weapon_Main_Dapple_Dualies.png,https://cdn.wikimg.net/en/splatoonwiki/images/f/f1/S3_Weapon_Sub_Squid_Beakon_Flat.png,https://cdn.wikimg.net/en/splatoonwiki/images/thumb/c/c0/S3_Weapon_Special_Tacticooler.png/120px-S3_Weapon_Special_Tacticooler.png,https://cdn.wikimg.net/en/splatoonwiki/images/thumb/b/b5/S3_Icon_Dualie.png/120px-S3_Icon_Dualie.png
Dapple Dualies Nouveau,Torpedo,Reefslider,190,Dualie,https://cdn.wikimg.net/en/splatoonwiki/images/thumb/e/e1/S3_Weapon_Main_Dapple_Dualies_Nouveau.png/256px-S3_Weapon_Main_Dapple_Dualies_Nouveau.png,https://cdn.wikimg.net/en/splatoonwiki/images/0/06/S3_Weapon_Sub_Torpedo_Flat.png,https://cdn.wikimg.net/en/splatoonwiki/images/thumb/1/10/S3_Weapon_Special_Reefslider.png/120px-S3_Weapon_Special_Reefslider.png,https://cdn.wikimg.net/en/splatoonwiki/images/thumb/b/b5/S3_Icon_Dualie.png/120px-S3_Icon_Dualie.png
Splat Dualies,Suction Bomb,Crab Tank,190,Dualie,https://cdn.wikimg.net/en/splatoonwiki/images/thumb/e/e8/S3_Weapon_Main_Splat_Dualies.png/256px-S3_Weapon_Main_Splat_Dualies.png,https://cdn.wikimg.net/en/splatoonwiki/images/f/f2/S3_Weapon_Sub_Suction_Bomb_Flat.png,https://cdn.wikimg.net/en/splatoonwiki/images/thumb/8/88/S3_Weapon_Special_Crab_Tank.png/120px-S3_Weapon_Special_Crab_Tank.png,https://cdn.wikimg.net/en/splatoonwiki/images/thumb/b/b5/S3_Icon_Dualie.png/120px-S3_Icon_Dualie.png
Enperry Splat Dualies,Curling Bomb,Triple Splashdown,190,Dualie,https://cdn.wikimg.net/en/splatoonwiki/images/thumb/4/46/S3_Weapon_Main_Enperry_Splat_Dualies.png/256px-S3_Weapon_Main_Enperry_Splat_Dualies.png,https://cdn.wikimg.net/en/splatoonwiki/images/1/11/S3_Weapon_Sub_Curling_Bomb_Flat.png,https://cdn.wikimg.net/en/splatoonwiki/images/thumb/b/b3/S3_Weapon_Special_Triple_Splashdown.png/120px-S3_Weapon_Special_Triple_Splashdown.png,https://cdn.wikimg.net/en/splatoonwiki/images/thumb/b/b5/S3_Icon_Dualie.png/120px-S3_Icon_Dualie.png
Glooga Dualies,Splash Wall,Booyah Bomb,180,Dualie,https://cdn.wikimg.net/en/splatoonwiki/images/thumb/9/99/S3_Weapon_Main_Glooga_Dualies.png/256px-S3_Weapon_Main_Glooga_Dualies.png,https://cdn.wikimg.net/en/splatoonwiki/images/e/e8/S3_Weapon_Sub_Splash_Wall_Flat.png,https://cdn.wikimg.net/en/splatoonwiki/images/thumb/0/00/S3_Weapon_Special_Booyah_Bomb.png/120px-S3_Weapon_Special_Booyah_Bomb.png,https://cdn.wikimg.net/en/splatoonwiki/images/thumb/b/b5/S3_Icon_Dualie.png/120px-S3_Icon_Dualie.png
Glooga Dualies Deco,Point Sensor,Trizooka,190,Dualie,https://cdn.wikimg.net/en/splatoonwiki/images/thumb/5/56/S3_Weapon_Main_Glooga_Dualies_Deco.png/256px-S3_Weapon_Main_Glooga_Dualies_Deco.png,https://cdn.wikimg.net/en/splatoonwiki/images/d/dd/S3_Weapon_Sub_Point_Sensor_Flat.png,https://cdn.wikimg.net/en/splatoonwiki/images/thumb/9/93/S3_Weapon_Special_Trizooka.png/120px-S3_Weapon_Special_Trizooka.png,https://cdn.wikimg.net/en/splatoonwiki/images/thumb/b/b5/S3_Icon_Dualie.png/120px-S3_Icon_Dualie.png
Dualie Squelchers,Splat Bomb,Wave Breaker,200,Dualie,https://cdn.wikimg.net/en/splatoonwiki/images/thumb/5/5a/S3_Weapon_Main_Dualie_Squelchers.png/256px-S3_Weapon_Main_Dualie_Squelchers.png,https://cdn.wikimg.net/en/splatoonwiki/images/8/81/S3_Weapon_Sub_Splat_Bomb_Flat.png,https://cdn.wikimg.net/en/splatoonwiki/images/thumb/6/67/S3_Weapon_Special_Wave_Breaker.png/120px-S3_Weapon_Special_Wave_Breaker.png,https://cdn.wikimg.net/en/splatoonwiki/images/thumb/b/b5/S3_Icon_Dualie.png/120px-S3_Icon_Dualie.png
Custom Dualie Squelchers,Squid Beakon,Super Chump,210,Dualie,https://cdn.wikimg.net/en/splatoonwiki/images/thumb/9/9d/S3_Weapon_Main_Custom_Dualie_Squelchers.png/256px-S3_Weapon_Main_Custom_Dualie_Squelchers.png,https://cdn.wikimg.net/en/splatoonwiki/images/f/f1/S3_Weapon_Sub_Squid_Beakon_Flat.png,https://cdn.wikimg.net/en/splatoonwiki/images/thumb/8/8c/S3_Weapon_Special_Super_Chump.png/120px-S3_Weapon_Special_Super_Chump.png,https://cdn.wikimg.net/en/splatoonwiki/images/thumb/b/b5/S3_Icon_Dualie.png/120px-S3_Icon_Dualie.png
Dark Tetra Dualies,Autobomb,Reefslider,200,Dualie,https://cdn.wikimg.net/en/splatoonwiki/images/thumb/c/c9/S3_Weapon_Main_Dark_Tetra_Dualies.png/256px-S3_Weapon_Main_Dark_Tetra_Dualies.png,https://cdn.wikimg.net/en/splatoonwiki/images/6/6d/S3_Weapon_Sub_Autobomb_Flat.png,https://cdn.wikimg.net/en/splatoonwiki/images/thumb/1/10/S3_Weapon_Special_Reefslider.png/120px-S3_Weapon_Special_Reefslider.png,https://cdn.wikimg.net/en/splatoonwiki/images/thumb/b/b5/S3_Icon_Dualie.png/120px-S3_Icon_Dualie.png
Light Tetra Dualies,Sprinkler,Zipcaster,190,Dualie,https://cdn.wikimg.net/en/splatoonwiki/images/thumb/8/86/S3_Weapon_Main_Light_Tetra_Dualies.png/256px-S3_Weapon_Main_Light_Tetra_Dualies.png,https://cdn.wikimg.net/en/splatoonwiki/images/d/de/S3_Weapon_Sub_Sprinkler_Flat.png,https://cdn.wikimg.net/en/splatoonwiki/images/thumb/9/96/S3_Weapon_Special_Zipcaster.png/120px-S3_Weapon_Special_Zipcaster.png,https://cdn.wikimg.net/en/splatoonwiki/images/thumb/b/b5/S3_Icon_Dualie.png/120px-S3_Icon_Dualie.png
Douser Dualies FF,Ink Mine,Killer Wail 5.1,190,Dualie,https://cdn.wikimg.net/en/splatoonwiki/images/thumb/2/2c/S3_Weapon_Main_Douser_Dualies_FF.png/256px-S3_Weapon_Main_Douser_Dualies_FF.png,https://cdn.wikimg.net/en/splatoonwiki/images/9/90/S3_Weapon_Sub_Ink_Mine_Flat.png,https://cdn.wikimg.net/en/splatoonwiki/images/thumb/1/1a/S3_Weapon_Special_Killer_Wail_5.1.png/120px-S3_Weapon_Special_Killer_Wail_5.1.png,https://cdn.wikimg.net/en/splatoonwiki/images/thumb/b/b5/S3_Icon_Dualie.png/120px-S3_Icon_Dualie.png
Custom Douser Dualies FF,Burst Bomb,Triple Inkstrike,200,Dualie,https://cdn.wikimg.net/en/splatoonwiki/images/thumb/f/f6/S3_Weapon_Main_Custom_Douser_Dualies_FF.png/256px-S3_Weapon_Main_Custom_Douser_Dualies_FF.png,https://cdn.wikimg.net/en/splatoonwiki/images/3/3a/S3_Weapon_Sub_Burst_Bomb_Flat.png,https://cdn.wikimg.net/en/splatoonwiki/images/thumb/3/3a/S3_Weapon_Special_Triple_Inkstrike.png/120px-S3_Weapon_Special_Triple_Inkstrike.png,https://cdn.wikimg.net/en/splatoonwiki/images/thumb/b/b5/S3_Icon_Dualie.png/120px-S3_Icon_Dualie.png
Splat Brella,Sprinkler,Triple Inkstrike,200,Brella,https://cdn.wikimg.net/en/splatoonwiki/images/thumb/2/27/S3_Weapon_Main_Splat_Brella.png/256px-S3_Weapon_Main_Splat_Brella.png,https://cdn.wikimg.net/en/splatoonwiki/images/d/de/S3_Weapon_Sub_Sprinkler_Flat.png,https://cdn.wikimg.net/en/splatoonwiki/images/thumb/3/3a/S3_Weapon_Special_Triple_Inkstrike.png/120px-S3_Weapon_Special_Triple_Inkstrike.png,https://cdn.wikimg.net/en/splatoonwiki/images/thumb/0/0d/S3_Icon_Brella.png/120px-S3_Icon_Brella.png
Sorella Brella,Autobomb,Inkjet,190,Brella,https://cdn.wikimg.net/en/splatoonwiki/images/thumb/8/8b/S3_Weapon_Main_Sorella_Brella.png/256px-S3_Weapon_Main_Sorella_Brella.png,https://cdn.wikimg.net/en/splatoonwiki/images/6/6d/S3_Weapon_Sub_Autobomb_Flat.png,https://cdn.wikimg.net/en/splatoonwiki/images/thumb/8/80/S3_Weapon_Special_Inkjet.png/120px-S3_Weapon_Special_Inkjet.png,https://cdn.wikimg.net/en/splatoonwiki/images/thumb/0/0d/S3_Icon_Brella.png/120px-S3_Icon_Brella.png
Tenta Brella,Squid Beakon,Ink Vac,190,Brella,https://cdn.wikimg.net/en/splatoonwiki/images/thumb/1/1e/S3_Weapon_Main_Tenta_Brella.png/256px-S3_Weapon_Main_Tenta_Brella.png,https://cdn.wikimg.net/en/splatoonwiki/images/f/f1/S3_Weapon_Sub_Squid_Beakon_Flat.png,https://cdn.wikimg.net/en/splatoonwiki/images/thumb/c/cf/S3_Weapon_Special_Ink_Vac.png/120px-S3_Weapon_Special_Ink_Vac.png,https://cdn.wikimg.net/en/splatoonwiki/images/thumb/0/0d/S3_Icon_Brella.png/120px-S3_Icon_Brella.png
Tenta Sorella Brella,Ink Mine,Trizooka,200,Brella,https://cdn.wikimg.net/en/splatoonwiki/images/thumb/3/3f/S3_Weapon_Main_Tenta_Sorella_Brella.png/256px-S3_Weapon_Main_Tenta_Sorella_Brella.png,https://cdn.wikimg.net/en/splatoonwiki/images/9/90/S3_Weapon_Sub_Ink_Mine_Flat.png,https://cdn.wikimg.net/en/splatoonwiki/images/thumb/9/93/S3_Weapon_Special_Trizooka.png/120px-S3_Weapon_Special_Trizooka.png,https://cdn.wikimg.net/en/splatoonwiki/images/thumb/0/0d/S3_Icon_Brella.png/120px-S3_Icon_Brella.png
Undercover Brella,Ink Mine,Reefslider,180,Brella,https://cdn.wikimg.net/en/splatoonwiki/images/thumb/5/5d/S3_Weapon_Main_Undercover_Brella.png/256px-S3_Weapon_Main_Undercover_Brella.png,https://cdn.wikimg.net/en/splatoonwiki/images/9/90/S3_Weapon_Sub_Ink_Mine_Flat.png,https://cdn.wikimg.net/en/splatoonwiki/images/thumb/1/10/S3_Weapon_Special_Reefslider.png/120px-S3_Weapon_Special_Reefslider.png,https://cdn.wikimg.net/en/splatoonwiki/images/thumb/0/0d/S3_Icon_Brella.png/120px-S3_Icon_Brella.png
Undercover Sorella Brella,Torpedo,Splattercolor Screen,180,Brella,https://cdn.wikimg.net/en/splatoonwiki/images/thumb/9/95/S3_Weapon_Main_Undercover_Sorella_Brella.png/256px-S3_Weapon_Main_Undercover_Sorella_Brella.png,https://cdn.wikimg.net/en/splatoonwiki/images/0/06/S3_Weapon_Sub_Torpedo_Flat.png,https://cdn.wikimg.net/en/splatoonwiki/images/thumb/5/5c/S3_Weapon_Special_Splattercolor_Screen.png/120px-S3_Weapon_Special_Splattercolor_Screen.png,https://cdn.wikimg.net/en/splatoonwiki/images/thumb/0/0d/S3_Icon_Brella.png/120px-S3_Icon_Brella.png
Recycled Brella 24 Mk I,Angle Shooter,Big Bubbler,190,Brella,https://cdn.wikimg.net/en/splatoonwiki/images/thumb/d/d0/S3_Weapon_Main_Recycled_Brella_24_Mk_I.png/256px-S3_Weapon_Main_Recycled_Brella_24_Mk_I.png,https://cdn.wikimg.net/en/splatoonwiki/images/3/3a/S3_Weapon_Sub_Angle_Shooter_Flat.png,https://cdn.wikimg.net/en/splatoonwiki/images/thumb/e/ef/S3_Weapon_Special_Big_Bubbler.png/120px-S3_Weapon_Special_Big_Bubbler.png,https://cdn.wikimg.net/en/splatoonwiki/images/thumb/0/0d/S3_Icon_Brella.png/120px-S3_Icon_Brella.png
Recycled Brella 24 Mk II,Toxic Mist,Triple Splashdown,190,Brella,https://cdn.wikimg.net/en/splatoonwiki/images/thumb/9/94/S3_Weapon_Main_Recycled_Brella_24_Mk_II.png/256px-S3_Weapon_Main_Recycled_Brella_24_Mk_II.png,https://cdn.wikimg.net/en/splatoonwiki/images/6/6f/S3_Weapon_Sub_Toxic_Mist_Flat.png,https://cdn.wikimg.net/en/splatoonwiki/images/thumb/b/b3/S3_Weapon_Special_Triple_Splashdown.png/120px-S3_Weapon_Special_Triple_Splashdown.png,https://cdn.wikimg.net/en/splatoonwiki/images/thumb/0/0d/S3_Icon_Brella.png/120px-S3_Icon_Brella.png
Tri-Stringer,Toxic Mist,Killer Wail 5.1,190,Stringer,https://cdn.wikimg.net/en/splatoonwiki/images/thumb/4/49/S3_Weapon_Main_Tri-Stringer.png/256px-S3_Weapon_Main_Tri-Stringer.png,https://cdn.wikimg.net/en/splatoonwiki/images/6/6f/S3_Weapon_Sub_Toxic_Mist_Flat.png,https://cdn.wikimg.net/en/splatoonwiki/images/thumb/1/1a/S3_Weapon_Special_Killer_Wail_5.1.png/120px-S3_Weapon_Special_Killer_Wail_5.1.png,https://cdn.wikimg.net/en/splatoonwiki/images/thumb/6/60/S3_Icon_Stringer.png/120px-S3_Icon_Stringer.png
Inkline Tri-Stringer,Sprinkler,Super Chump,190,Stringer,https://cdn.wikimg.net/en/splatoonwiki/images/thumb/f/f4/S3_Weapon_Main_Inkline_Tri-Stringer.png/256px-S3_Weapon_Main_Inkline_Tri-Stringer.png,https://cdn.wikimg.net/en/splatoonwiki/images/d/de/S3_Weapon_Sub_Sprinkler_Flat.png,https://cdn.wikimg.net/en/splatoonwiki/images/thumb/8/8c/S3_Weapon_Special_Super_Chump.png/120px-S3_Weapon_Special_Super_Chump.png,https://cdn.wikimg.net/en/splatoonwiki/images/thumb/6/60/S3_Icon_Stringer.png/120px-S3_Icon_Stringer.png
REEF-LUX 450,Curling Bomb,Tenta Missiles,210,Stringer,https://cdn.wikimg.net/en/splatoonwiki/images/thumb/6/66/S3_Weapon_Main_REEF-LUX_450.png/256px-S3_Weapon_Main_REEF-LUX_450.png,https://cdn.wikimg.net/en/splatoonwiki/images/1/11/S3_Weapon_Sub_Curling_Bomb_Flat.png,https://cdn.wikimg.net/en/splatoonwiki/images/thumb/3/3b/S3_Weapon_Special_Tenta_Missiles.png/120px-S3_Weapon_Special_Tenta_Missiles.png,https://cdn.wikimg.net/en/splatoonwiki/images/thumb/6/60/S3_Icon_Stringer.png/120px-S3_Icon_Stringer.png
REEF-LUX 450 Deco,Splash Wall,Reefslider,200,Stringer,https://cdn.wikimg.net/en/splatoonwiki/images/thumb/a/ab/S3_Weapon_Main_REEF-LUX_450_Deco.png/256px-S3_Weapon_Main_REEF-LUX_450_Deco.png,https://cdn.wikimg.net/en/splatoonwiki/images/e/e8/S3_Weapon_Sub_Splash_Wall_Flat.png,https://cdn.wikimg.net/en/splatoonwiki/images/thumb/1/10/S3_Weapon_Special_Reefslider.png/120px-S3_Weapon_Special_Reefslider.png,https://cdn.wikimg.net/en/splatoonwiki/images/thumb/6/60/S3_Icon_Stringer.png/120px-S3_Icon_Stringer.png
Wellstring V,Autobomb,Ultra Stamp,200,Stringer,https://cdn.wikimg.net/en/splatoonwiki/images/thumb/3/37/S3_Weapon_Main_Wellstring_V.png/256px-S3_Weapon_Main_Wellstring_V.png,https://cdn.wikimg.net/en/splatoonwiki/images/6/6d/S3_Weapon_Sub_Autobomb_Flat.png,https://cdn.wikimg.net/en/splatoonwiki/images/thumb/7/70/S3_Weapon_Special_Ultra_Stamp.png/120px-S3_Weapon_Special_Ultra_Stamp.png,https://cdn.wikimg.net/en/splatoonwiki/images/thumb/6/60/S3_Icon_Stringer.png/120px-S3_Icon_Stringer.png
Custom Wellstring V,Point Sensor,Wave Breaker,200,Stringer,https://cdn.wikimg.net/en/splatoonwiki/images/thumb/4/40/S3_Weapon_Main_Custom_Wellstring_V.png/256px-S3_Weapon_Main_Custom_Wellstring_V.png,https://cdn.wikimg.net/en/splatoonwiki/images/d/dd/S3_Weapon_Sub_Point_Sensor_Flat.png,https://cdn.wikimg.net/en/splatoonwiki/images/thumb/6/67/S3_Weapon_Special_Wave_Breaker.png/120px-S3_Weapon_Special_Wave_Breaker.png,https://cdn.wikimg.net/en/splatoonwiki/images/thumb/6/60/S3_Icon_Stringer.png/120px-S3_Icon_Stringer.png
Splatana Stamper,Burst Bomb,Zipcaster,210,Splatana,https://cdn.wikimg.net/en/splatoonwiki/images/thumb/4/4d/S3_Weapon_Main_Splatana_Stamper.png/256px-S3_Weapon_Main_Splatana_Stamper.png,https://cdn.wikimg.net/en/splatoonwiki/images/3/3a/S3_Weapon_Sub_Burst_Bomb_Flat.png,https://cdn.wikimg.net/en/splatoonwiki/images/thumb/9/96/S3_Weapon_Special_Zipcaster.png/120px-S3_Weapon_Special_Zipcaster.png,https://cdn.wikimg.net/en/splatoonwiki/images/thumb/7/7c/S3_Icon_Splatana.png/120px-S3_Icon_Splatana.png
Splatana Stamper Nouveau,Toxic Mist,Crab Tank,210,Splatana,https://cdn.wikimg.net/en/splatoonwiki/images/thumb/7/71/S3_Weapon_Main_Splatana_Stamper_Nouveau.png/256px-S3_Weapon_Main_Splatana_Stamper_Nouveau.png,https://cdn.wikimg.net/en/splatoonwiki/images/6/6f/S3_Weapon_Sub_Toxic_Mist_Flat.png,https://cdn.wikimg.net/en/splatoonwiki/images/thumb/8/88/S3_Weapon_Special_Crab_Tank.png/120px-S3_Weapon_Special_Crab_Tank.png,https://cdn.wikimg.net/en/splatoonwiki/images/thumb/7/7c/S3_Icon_Splatana.png/120px-S3_Icon_Splatana.png
Splatana Wiper,Torpedo,Ultra Stamp,190,Splatana,https://cdn.wikimg.net/en/splatoonwiki/images/thumb/e/e5/S3_Weapon_Main_Splatana_Wiper.png/256px-S3_Weapon_Main_Splatana_Wiper.png,https://cdn.wikimg.net/en/splatoonwiki/images/0/06/S3_Weapon_Sub_Torpedo_Flat.png,https://cdn.wikimg.net/en/splatoonwiki/images/thumb/7/70/S3_Weapon_Special_Ultra_Stamp.png/120px-S3_Weapon_Special_Ultra_Stamp.png,https://cdn.wikimg.net/en/splatoonwiki/images/thumb/7/7c/S3_Icon_Splatana.png/120px-S3_Icon_Splatana.png
Splatana Wiper Deco,Squid Beakon,Tenta Missiles,190,Splatana,https://cdn.wikimg.net/en/splatoonwiki/images/thumb/4/4a/S3_Weapon_Main_Splatana_Wiper_Deco.png/256px-S3_Weapon_Main_Splatana_Wiper_Deco.png,https://cdn.wikimg.net/en/splatoonwiki/images/f/f1/S3_Weapon_Sub_Squid_Beakon_Flat.png,https://cdn.wikimg.net/en/splatoonwiki/images/thumb/3/3b/S3_Weapon_Special_Tenta_Missiles.png/120px-S3_Weapon_Special_Tenta_Missiles.png,https://cdn.wikimg.net/en/splatoonwiki/images/thumb/7/7c/S3_Icon_Splatana.png/120px-S3_Icon_Splatana.png
Mint Decavitator,Suction Bomb,Big Bubbler,210,Splatana,https://cdn.wikimg.net/en/splatoonwiki/images/thumb/c/c9/S3_Weapon_Main_Mint_Decavitator.png/256px-S3_Weapon_Main_Mint_Decavitator.png,https://cdn.wikimg.net/en/splatoonwiki/images/f/f2/S3_Weapon_Sub_Suction_Bomb_Flat.png,https://cdn.wikimg.net/en/splatoonwiki/images/thumb/e/ef/S3_Weapon_Special_Big_Bubbler.png/120px-S3_Weapon_Special_Big_Bubbler.png,https://cdn.wikimg.net/en/splatoonwiki/images/thumb/7/7c/S3_Icon_Splatana.png/120px-S3_Icon_Splatana.png
Charcoal Decavitator,Splash Wall,Inkjet,200,Splatana,https://cdn.wikimg.net/en/splatoonwiki/images/thumb/5/52/S3_Weapon_Main_Charcoal_Decavitator.png/256px-S3_Weapon_Main_Charcoal_Decavitator.png,https://cdn.wikimg.net/en/splatoonwiki/images/e/e8/S3_Weapon_Sub_Splash_Wall_Flat.png,https://cdn.wikimg.net/en/splatoonwiki/images/thumb/8/80/S3_Weapon_Special_Inkjet.png/120px-S3_Weapon_Special_Inkjet.png,https://cdn.wikimg.net/en/splatoonwiki/images/thumb/7/7c/S3_Icon_Splatana.png/120px-S3_Icon_Splatana.png
